HG00403-GS000016660-ASM	887735e9b20e3417102c1fa51a7184a8+52873
HG00404-GS000016669-ASM	59d1ec2aeb2870d035ac8262bb33707c+52869
HG00405-GS000016661-ASM	22479f4761e85bf35c6984bd6aa6427d+52872
HG00406-GS000016662-ASM	af1a0e9284148f18f4448179994e14e0+52871
HG00407-GS000016663-ASM	e30c4751da92edf9c1c2c48c00987d43+52871
HG00408-GS000016670-ASM	33fb64e54583b9c37a9af2f6a19c2e65+52871
HG00421-GS000016832-ASM	4be2e05e9edaa68b70edaa2bab904be7+52874
HG00422-GS000016833-ASM	330fb9e4820766fec213dbb19d1e60ca+52867
HG00423-GS000016671-ASM	06082fe64a1075f8c5e787cf3562c096+52871
HG00436-GS000016683-ASM	02fefa4d9b4773edd5c029fd3125c364+52875
HG00437-GS000016672-ASM	f4c70471e6d76e40167d28efd2727ff2+52870
HG00438-GS000016673-ASM	dc5299b2b3841638c3d951faca0cfd16+52871
HG00442-GS000016869-ASM	cd1c344097fc22b80dcdd86620c00fb4+52867
HG00443-GS000016674-ASM	ec8c49f8eb10e0618b84d10615d5851b+52865
HG00444-GS000016675-ASM	1006491df00f3860b2518d9c58729b05+52875
HG00448-GS000016676-ASM	c4d7d3d08a919794bccea5877dc2d659+52874
HG00449-GS000016677-ASM	322e82661350bae31801d24a486c23b1+52869
HG00450-GS000016678-ASM	6ab3eb27d16f6c90ef922f77f45f07ba+52870
HG00463-GS000016679-ASM	b5498b764b0af8116beac290508fe9e7+52874
HG00464-GS000016680-ASM	3a7f7f0da6fb7ddf7a664d46e79d3f8b+52871
HG00465-GS000016681-ASM	4de4999b8bc22df846e7b89f30d434eb+52876
HG00472-GS000016706-ASM	abe19bd888d6fe844c1c137cdc5cf397+52875
HG00473-GS000016707-ASM	c1198b1cd8eca5029477aaf9c2399902+52870
HG00474-GS000016708-ASM	c9103da821310306eb4f2b3c560a3b13+52873
HG00475-GS000016709-ASM	c0943ce739c9b603027c716388a3f00f+52877
HG00476-GS000016710-ASM	8f015e3e5147e72ce1c80dcaae3bd499+52864
HG00477-GS000016711-ASM	89fa067868d997a6f5e388ce819c2ec8+52876
HG00478-GS000016712-ASM	41fca371e2fd11a240eda672dce2e325+52873
HG00479-GS000016713-ASM	2a28b58c77d101fadd22b1548e83be96+52868
HG00480-GS000016714-ASM	7e305f5b7c9bdcb4888d013f27f58f87+52873
HG00530-GS000016715-ASM	fcb3466085cba253f5c5fa258b3fda34+52872
HG00531-GS000016849-ASM	41199188afdc9d3e21cc1d1e15cf75ac+52866
HG00532-GS000016716-ASM	9c35aaf6f38a05f08943688e5d714b37+52873
HG00533-GS000016717-ASM	27c4c7df50d4acd5e6e0006934fb1b95+52871
HG00534-GS000016718-ASM	0fc0c8ee86c3263da93f7c66b54842e9+52863
HG00535-GS000016719-ASM	1799448a8f883c5f63e267b9f258f953+52868
HG00536-GS000017031-ASM	affaecdaed21070dad17b78cae49ef29+52873
HG00537-GS000016720-ASM	c55f04c7f498cf972f91e1984e95a20f+52863
HG00538-GS000016721-ASM	41b244bbedeb87804d48312bdbaf3baa+52871
HG00542-GS000016722-ASM	08e071ed92eee20e332b37845b925fab+52876
HG00543-GS000016723-ASM	7318bcc1dab49691666185a5f686dd0c+52869
HG00544-GS000016724-ASM	7ec11fd5e53768c8407e46b362f83823+52868
HG00556-GS000016725-ASM	ad76690a83a550514e0edc4439a29560+52872
HG00557-GS000016845-ASM	869b4886cff612bd04c30d05d6f0a9d3+52872
HG00558-GS000016834-ASM	f1be50423b9778e57637e4229bf37d89+52866
HG00559-GS000016835-ASM	51aefa6e38d1a2586033dc29ec158c79+52872
HG00560-GS000016830-ASM	169ef179ff90b57f52d586328dcf2acd+52867
HG00561-GS000016836-ASM	a260791d0451db76eb7baf0602a81046+52866
HG00589-GS000016837-ASM	ab29fa88ac8835472e1d9fda6719d555+52871
HG00590-GS000016838-ASM	d0db6621e33f4ba296028522d72937cc+52867
HG00591-GS000016839-ASM	939fca5c8c87d276d210152f6634a940+52872
HG00592-GS000016840-ASM	2f0527488bb280bdaf80e8cfd220371a+52875
HG00593-GS000016841-ASM	bb82d4a180d5556cdf731bd340af356b+52867
HG00594-GS000016842-ASM	666af625f19af3e3f2020429a540699a+52873
HG00607-GS000016843-ASM	54fe3a08e62b17b78b17e789947788ea+52868
HG00608-GS000016831-ASM	b32feb44e06d2b5a64e932def0b39e0a+52867
HG00609-GS000016844-ASM	9a80f5cccf4420170cfaff079d20f9c2+52875
HG00610-GS000016850-ASM	a1f76a747d175b83f896624572427736+52877
HG00611-GS000016851-ASM	62170199a93695033fa91b8bec5c0c94+52870
HG00612-GS000016852-ASM	2b4f543ee33b972a4badd6132e9c5c84+52870
HG00613-GS000016853-ASM	3c0d79581f00d2ee367f03e38406916f+52871
HG00614-GS000016854-ASM	68d38ee5b4e8bf14764d1da6e0552193+52865
HG00615-GS000016855-ASM	885d861ca6dc36541a6dc8f2003e02fe+52866
HG00619-GS000016979-ASM	62a9693bd999b7e64bac58b0f0c4fc01+52872
HG00620-GS000017245-ASM	4056272e8c2ffeadf079915c2c823738+52861
HG00621-GS000017116-ASM	9dbcebff1f948c45d986217d7060791c+52870
HG00625-GS000017120-ASM	3399cee44046a5e6753c2a174d2869b6+52873
HG00626-GS000017125-ASM	ed8dd91779a9645f1af1c971acae71f9+52867
HG00627-GS000016860-ASM	54fd7612cdd0b8d8000055bfcacb51dc+52871
HG00628-GS000016861-ASM	21afd2b2d3e99acf2c1293aef4f50cbd+52874
HG00629-GS000016862-ASM	933ea849d0b5c04120af0375a17a9747+52866
HG00630-GS000016863-ASM	17e628975f8d38f3c35d6b4a855bc951+52875
HG00650-GS000016864-ASM	4bf6b3d251b9dbb9ede08845f64136da+52873
HG00651-GS000016865-ASM	1319f701082d25c73c6073ae1eb2d5b8+52865
HG00652-GS000017129-ASM	0a7cd148c529426c7c56d306edc0fb45+52861
HG00653-GS000016867-ASM	0799b2ab7ddc48c206e3a58407734e46+52877
HG00654-GS000016868-ASM	9777263eacaeeae079ea036f07484b2c+52867
HG00655-GS000016980-ASM	18d070dce5d2fd0f8edab20a8b2a42e3+52866
HG00662-GS000016981-ASM	2ea3410325f7ab03865dca2cb4c7aafc+52872
HG00663-GS000016983-ASM	65d7503e458b003085e15f6205038b23+52871
HG00664-GS000016984-ASM	2afe55457f44a9282bf4fa457634570c+52873
HG00671-GS000019202-ASM	50cbc4e3f2576f2f5ddd7ea4e2ea6f67+52876
HG00672-GS000016985-ASM	e343b8e8fc478e218dbb80fdffccf648+52865
HG00673-GS000016986-ASM	51f3311995398b18c3b5b2dc9d1d7938+52873
HG00683-GS000016987-ASM	0a77b5d828382947aaf14a499d1841c6+52871
HG00684-GS000016988-ASM	2184e416dabe5a212b0d27ffbec18c90+52871
HG00685-GS000016978-ASM	b8a49b5ce4dad89ccb9a6acdc1a53c5c+52874
HG00689-GS000016977-ASM	00218a1f6414633aae997b12a7146b8c+52875
HG00690-GS000016994-ASM	aed19bd43484b607352c749d3f6cdb8d+52870
HG00691-GS000016989-ASM	81bd8be0836f9e58da430d2d6f2277af+52875
HG00692-GS000016991-ASM	d2612c951d4a80b8e949c2a3082876f6+52874
HG00693-GS000016992-ASM	499ffb1de040822ea991ffd0d331af21+52871
HG00694-GS000016993-ASM	fcecea88e579e321ea2dc22993b8a45c+52877
HG00731-GS000012103-ASM	03fe846038b07c4caef0d9c962aa5581+52876
HG00731-GS000016547-ASM	282ad4d9e27cef7f4ace1e879f49c862+52876
HG00732-GS000012104-ASM	cefd72c642d2a06387a1f44d1bdca2a6+52875
HG00732-GS000017235-ASM	09572cc20c74f9e03bb17efd54511621+52871
HG00733-GS000012105-ASM	1776bf116394c8e501f9a39e7f1990c3+52870
HG00733-GS000016548-ASM	df0e3dd512c36971f5478cc0f336afbe+52870
HG01565-GS000016975-ASM	601261a31788435bb2a0ebf5236047e3+52869
HG01566-GS000016976-ASM	cc3051916b18bcf805342f9c26ce811d+52868
HG01567-GS000012114-ASM	4182598017052c707fa3b11161a24842+52870
HG01571-GS000013212-ASM	00df2a1608d21e95fa6e742eea3dcdd4+52876
HG01572-GS000013211-ASM	e3799aea4f0b357549ad4cbeed2405bd+52859
HG01573-GS000012117-ASM	1da2ab03b00a9ce936e1b40aeebafc32+52868
HG01577-GS000012118-ASM	eb49904dd0ef546ddc809dcf57ae1974+52883
HG01578-GS000012119-ASM	62cb71387291f64a2b7c42150a80daf9+52872
HG01579-GS000012120-ASM	f1af2e7bc1247831b1b6bffd03751244+52878
HG01892-GS000012121-ASM	22414ccb1dd764a7d3f1b5ee92ce4a51+52876
HG01893-GS000012579-ASM	2efff09c7cc09809bd11fe60b0cb7bd5+52877
HG01898-GS000013210-ASM	be4e25040bf7bb4059d011e7c889a80e+52872
HG01917-GS000012124-ASM	ea698c9f480e35098500df576f7c3b82+52876
HG01918-GS000013461-ASM	6bcc8edf1c8ba8fb93f83cbf252a2ba2+52866
HG01919-GS000013410-ASM	cf923333b32291a32a70eb5951c3ae9d+52864
HG01920-GS000013208-ASM	e6ecdbcf0f57bbfb9a8e9fc4e4d59775+52864
HG01921-GS000012128-ASM	8820d7bd7dfe5788a61a36233cc88ec1+52864
HG01923-GS000013459-ASM	f8d7d259adeb37e6249a57133d798ead+52866
HG01924-GS000013460-ASM	a75db13f38b32101af76c811b822f131+52871
HG01925-GS000013413-ASM	122d7bc2be0fcd1b753e6b7f8e3dd394+52870
HG01926-GS000013203-ASM	0f473e066f655ffafba7e9240b420819+52866
HG01927-GS000013202-ASM	a18a726f96717762a10ba5708b98fba0+52862
HG01928-GS000013201-ASM	6bb0ac7297167de2b713a1a859aff9f8+52867
HG01932-GS000012136-ASM	84758f889fb2914927592b4a8ce24e92+52874
HG01933-GS000012137-ASM	d05546ad369e2318aff483fba9fafedb+52874
HG01934-GS000012138-ASM	21a31d03dd14c9edecd648adeeeb8a11+52877
HG01935-GS000012139-ASM	aed9abcd39c8056fc3f418f44c01e666+52876
HG01936-GS000013433-ASM	594cfc23337faabf1bc98baa1e0d261f+52869
HG01937-GS000013199-ASM	d2fde7bc817e089db7bcec82bdc0390f+52875
HG01938-GS000013425-ASM	d527a797cf8f7635915ba923e4601ee9+52866
HG01939-GS000013197-ASM	0fa6112e3dccb10f5b3b91efdf95d738+52870
HG01940-GS000012144-ASM	509b4803dac3bd7c9fad9b55694a891b+52862
HG01941-GS000012145-ASM	06819e4348ae91696b32713ae7824d27+52871
HG01942-GS000012146-ASM	305470716398e3ed8739b54919a79c81+52862
HG01943-GS000012147-ASM	7a4d5f6913429ed4d29b4f3f7b3bf902+52869
HG01944-GS000012148-ASM	9cae863b8d0563e3c3a3f1b21ba60cb1+52868
HG01945-GS000012149-ASM	4db280948bb27f29c73228e3db7d7043+52860
HG01946-GS000016667-ASM	e9b41026ab2c6dfbba314b1ebf2ff409+52872
HG01950-GS000012150-ASM	9b8845b1837d5c1a1bfa546436198b71+52868
HG01951-GS000012151-ASM	0f6216f5de0bd4f3767f243459f0255b+52860
HG01952-GS000013196-ASM	583ee1d9adae74e2ef0f3c53f8776dc1+52865
HG01953-GS000013195-ASM	781e26b7040e59927733054ca76fff0c+52869
HG01954-GS000013458-ASM	5bea49e6a6777ac0a2295661488f80c3+52858
HG01955-GS000013457-ASM	877ff028c52fa7cead5525e99e7c6e39+52862
HG01967-GS000013456-ASM	31df066a78afbbfd314f0d8564788d3c+52870
HG01968-GS000017246-ASM	34dd2002cebea7fb674958f489d90522+52860
HG01969-GS000016666-ASM	63413a752b8c09cd763ef37da353cfc1+52870
HG01970-GS000016665-ASM	0186c2c7bfd0b685ead4044516481f82+52869
HG01971-GS000017156-ASM	298b788955ff49e78ebc1253a40940a1+52872
HG01972-GS000017132-ASM	96426285fc5ae18d2c3302219fa137b2+52870
HG01973-GS000017130-ASM	26770a03c87157c7325bcb10df593373+52861
HG01974-GS000017158-ASM	7e4477c421ea2c468f73cb6f213b6097+52865
HG01975-GS000017271-ASM	931326adc59aa7bccce8448ef53850a3+52859
HG01976-GS000017160-ASM	3524964118524054af7ea1876d9dfffc+52865
HG01977-GS000016364-ASM	92de2d03927ce68a6136ac08f6688617+52870
HG01978-GS000017124-ASM	1fcd30d10d7ef4ec6f41fecb797a280f+52866
HG01979-GS000017123-ASM	3f782ca9982de992e567984a9a8717b8+52875
HG01980-GS000017122-ASM	1edf291a8e3bd3c14f47092ff22f69ce+52870
HG01981-GS000017103-ASM	080f40c7c41ff21a99572939b367d75a+52869
HG01991-GS000017121-ASM	7accfd1f54317297bc17bddff32b3e38+52870
HG01992-GS000017118-ASM	9e3dd0298250846d39c3933a8fa10638+52858
HG01993-GS000017104-ASM	80ab2411d1d0b27f1d92995168aed276+52862
HG01997-GS000017117-ASM	6f4af721f791d0998b92f95cc6b039f2+52861
HG01998-GS000017115-ASM	ed618f6f3c445afdf05464073831f5f2+52869
HG02003-GS000017113-ASM	839b428fa905e3924ad7e43ae2c45601+52862
HG02004-GS000017112-ASM	289ef0207504ae953e22243dc8bc307b+52862
HG02008-GS000017110-ASM	1441b7f9cfe5926d8c57bbf98cb25b8f+52867
HG02024-GS000012106-ASM	870fd48057a2cdfc176d5041c682430b+52869
HG02024-GS000017236-ASM	cea9581f8f53caecb0e6e1a04dd06575+52865
HG02025-GS000012107-ASM	f11bea09c8ed60c94a7328decb3231b0+52868
HG02025-GS000017183-ASM	7232b608b070c45cfbfe981004564525+52863
HG02026-GS000017184-ASM	70b7cbf81bac8d9a26887fbb3e662087+52870
HG02026-GS000017897-ASM	84263ca4b5ec35321c5141fd8bc18e9f+52872
HG02089-GS000017109-ASM	c3dc88fdad49058ee5a30938abbfb3ce+52869
HG02090-GS000017107-ASM	b54bf41d3dafdfcbc34a1dbbf78c8da8+52884
HG02091-GS000016958-ASM	5968c1d0e18d4331e4a19b4eff081755+52870
HG02104-GS000016344-ASM	169793e3b64c1c96e011e11f6a63fcf0+52870
HG02105-GS000016959-ASM	41e6527708204ea028d30a358266af18+52860
HG02106-GS000016960-ASM	14c853965e013f8ac9014395a8f91307+52860
HG02146-GS000016342-ASM	a6c5b7838eed59f31641603738a18f5d+52867
HG02147-GS000016341-ASM	d62c9ba7125ff0c50eb978f8159173bc+52861
HG02148-GS000016961-ASM	9c84cb1d9c8f7bdd297054ee2bdd8d37+52859
HG02259-GS000016052-ASM	f45e5b5f343ecff14eb21f46c24184a6+52866
HG02260-GS000016826-ASM	a624dcce90020d1b8cecdbfeeca992f1+52860
HG02261-GS000016827-ASM	8080ee0e39b69e441334936c67b939ee+52866
HG02271-GS000017178-ASM	a96014b60fb47b445c0519d99228352b+52866
HG02272-GS000017901-ASM	b352260e4d33b4911fd9e1f521dd846e+52859
HG02273-GS000017721-ASM	ca235c41a73476be7f20fdfa85595a1a+52859
HG02277-GS000016049-ASM	e89828986af6d442569b23ca805d0168+52875
HG02278-GS000017134-ASM	a52688dedc24ac374fa78386a305b3a6+52861
HG02279-GS000017135-ASM	a09c16e5e65bbfd6b63b0db3d6e3c3a0+52873
HG02285-GS000016420-ASM	e22993952eb716bb1cfca078cef4fd6b+52878
HG02286-GS000016419-ASM	4efef7f67d6918ace6a92b7e5854b83f+52872
HG02287-GS000017903-ASM	272fceda8d3daac1942b0e91f9b17cdc+52866
HG02291-GS000017105-ASM	47a8dae2fd000636a2cc9bdc9fedf296+52864
HG02292-GS000013194-ASM	d5a646a4c500eb0869b8daa3bd05c257+52859
HG02293-GS000013193-ASM	d5f039fefbaea2ed24a4a74b6c084a5a+52858
HG02301-GS000017904-ASM	cf5c000744a25ec11136ba6c4d530924+52870
HG02302-GS000016554-ASM	a0d701dd3e7d1418c3ed0448e444db34+52877
HG02303-GS000016553-ASM	c7824eba7f25c8f4af7dfe4f383ffdbe+52870
HG02490-GS000013415-ASM	1284d1c78f8427aafab6c698548b81ba+52876
HG02491-GS000013191-ASM	e01c894b4a17b541f11f7b0a8c5d806d+52874
HG02492-GS000013190-ASM	40f6120b1f8f7f7e7522da79d411a510+52882
HG02600-GS000016696-ASM	ef89d0fe425763fec90d48a47a51da54+52884
HG02601-GS000016693-ASM	f5c59948d818f05dc87fade53e5d48d8+52876
HG02602-GS000016692-ASM	ada110f703c82a1c092c9b4765ecd55c+52882
HG02603-GS000016691-ASM	75b78e420c85ed27d4b964d08caaa8d0+52877
HG02604-GS000016690-ASM	50bffb6a3758944c266f96da378a1feb+52865
HG02605-GS000016689-ASM	a5aef4427d4bb0e5e1e903be67e44a6e+52872
HG02654-GS000016688-ASM	ecf6a4181e6fdeb4202bae64589a1df4+52879
HG02655-GS000016687-ASM	9ae17e8b18c4aa9dc896bb6bd18ea841+52872
HG02656-GS000016686-ASM	29e82b48b561441ba6bfa8c86aa8eb0b+52874
HG02657-GS000016544-ASM	d6046ab65acd08aa6f36d8c0027d192f+52882
HG02658-GS000017179-ASM	24158f7679fe665a761110c352e9d442+52861
HG02659-GS000017180-ASM	58617d86d34390ee0e028db1c19c2ff9+52866
HG02660-GS000017181-ASM	7cdb72d90c42ea1558321c46bb168a93+52878
HG02661-GS000017902-ASM	9535c15632c40d5ec6594638be446adc+52870
HG02662-GS000017126-ASM	f7fbe4a20f34b4a4f8d2103d705f8e9d+52871
HG02684-GS000017127-ASM	c5bdbfb436caa178da53dd9ff11e14a3+52870
HG02685-GS000017225-ASM	a93858e8a37b63bf1b3f1a9a4fe7eb0e+52871
HG02686-GS000016439-ASM	e30249f9682e5b9abcee01dda2d4d7ba+52878
HG02687-GS000016685-ASM	0809f0a929cf2d69cd688b6fc1169bb9+52882
HG02688-GS000017228-ASM	83622b5671404db2c47d265cd9f0ba6a+52868
HG02689-GS000017128-ASM	3f2378d32b56f5f58e43962cf19e8010+52877
HG02696-GS000016436-ASM	58e05e833bae3b7dfe922b1777cc75e0+52876
HG02697-GS000017229-ASM	509b494ed7aeb869fcab4ab73b52620d+52871
HG02698-GS000017230-ASM	2b328c96a5485fc90c4212cff74d338e+52879
HG02724-GS000016990-ASM	120c443755cd027bd34f09daee01b56c+52883
HG02725-GS000016997-ASM	7eee93be0508c8e5bdd972bb61e1fa04+52879
HG02726-GS000016996-ASM	0f4fd3f81630200e95d99fafca75d9d1+52877
HG02727-GS000016995-ASM	d06fcd9606d957654277e31bb2882081+52883
HG02728-GS000017019-ASM	6c300c032442d03f570ae95ad9e2f89f+52877
HG02729-GS000017017-ASM	f301f90dffdbe45d835e9ccbcb0a7797+52883
HG02733-GS000017232-ASM	04a59938f42befc9fef28d76c3a79a04+52877
HG02734-GS000017233-ASM	684755c6de0de43aa9606f6ae26d23a6+52869
HG02735-GS000016431-ASM	c00c8ec2be22a4b4230e003c165e492e+52882
HG02783-GS000017016-ASM	d49b76e51c44f3f46399b3987dc0d693+52881
HG02784-GS000017015-ASM	fc1eb6cd539bc35308d604c0e1c1e6ee+52877
HG02785-GS000017012-ASM	e161c1cb0135cfbf23108e68c9099246+52877
HG02786-GS000017013-ASM	5683a60c89a5479638476bb3190102d8+52883
HG02787-GS000017021-ASM	c0f6a03af5050244bd5e94ec6a12dad3+52876
HG02789-GS000017011-ASM	4b9efcdd7e94a78a62a17f44e994565a+52884
HG02790-GS000017018-ASM	c38cfb8fce4d094c6971245179eae293+52878
HG02791-GS000017014-ASM	54669bb4d6b0d9667ccf84ce145a7c88+52884
HG03237-GS000017140-ASM	2a0d6bde196bb084d34792ba618b5c79+52885
HG03238-GS000017139-ASM	73c59ef4db2672a4939252f8d11c002c+52879
HG03239-GS000017138-ASM	4bad3809da44ad5e5df8e1a47f76b1f7+52880
hg19	4fe58e2cf9ab99ebb5e34623d9c499db+27420
hu011C57-GS01669-DNA_B05	f40ba6d0f4ac46d070046bd0bb7e191c+52871
hu016B28-GS01669-DNA_H03	55d2ef791f3abf6cee992537b2fc19fb+52876
hu01F73B-GS03133-DNA_A02	1921c40bb2969f2339cbf8f03570a466+52863
hu0211D6-GS01175-DNA_E02	d4e8030a05bed39c457dd0805df6e844+52871
hu025CEA-GS01669-DNA_D02	6296606d5470f337c7960da81f40681d+52871
hu032C04-GS01669-DNA_A10	686cea3e49c4da464fa6b75450ed74a3+52872
hu034DB1-GS00253-DNA_A02	44041271944e2b5a7491110c5467ae1e+52880
hu034DB1-GS01669-DNA_A03	81dada861177f3ba3124cdc1f4cf4444+52868
hu03E3D2-GS03132-DNA_D01	1289158e484a8e1f6475a4e45eb49a61+52867
hu040C0A-GS01175-DNA_F05	66e1c4052192d609410806560ea18b11+52870
hu0486D6-GS03132-DNA_C01	c0dd8302821334417c8b56caa3f2d0df+52868
hu04DF3C-GS01670-DNA_A02	a97cddc90554050a309d8ad6ef77a1d6+52868
hu04F220-GS01670-DNA_A01	3bba0f496ced98b1063fbd3d09127c97+52866
hu04FD18-GS00253-DNA_F01	480f3c3d3528dbb7c871c7e19ec44a72+52886
hu050E9C-GS01173-DNA_G06	f9949ec533399b70fc140c8f0967f991+52882
hu05FD49-GS01175-DNA_D04	dac2b40d67fc71e42517db3397548dbb+52876
hu085B6D-GS03132-DNA_A01	aafb2274cf9b986ae41bebe506991277+52861
hu089792-GS02269-DNA_B02	796d442da9671adbc822e8cb58efee6b+52870
hu0A4518-GS01670-DNA_F01	27abb5dbc6bcb6c3128dafc061f3b01f+52871
hu0CF2EE-GS01175-DNA_F06	9cf15eb8a40b9d08b65b690b51804588+52876
hu0D1FA1-GS01669-DNA_G09	21358b31c157fe78deab3c967d02ad9a+52867
hu0D879F-GS00253-DNA_G01	c8b0650e7b7bcb0ae8d9173919eabcc2+52870
hu0D879F-GS01669-DNA_A08	3261144fbf1fa1e7780f2e0fefea8678+52870
hu0E64A1-GS01173-DNA_B02	c9837a714e5d85a57e4204fc1feef64a+52878
hu0E7AAF-GS03023-DNA_A01	bc6d1acc9e44860c2562391b3561804c+52863
hu1187FF-GS02269-DNA_A04	84e65fd2c3d9a5f5b36f3496c102c771+52864
hu132B5C-GS01670-DNA_E01	750030ceff0b7a34415c41c8c446d4e6+52866
hu1378E3-GS01669-DNA_C03	762a5c51db33bdc17bd8261eba5828ec+52878
hu15FECA-GS01175-DNA_F03	e2281cf87f98c4277b311b9c60bc50ef+52875
hu1904EC-GS01175-DNA_E06	c0c2f6d20c3cf190b2eeab7e20b29ccc+52868
hu19C09F-GS01669-DNA_F05	560262ade70ce74e93c1c560e8e1a594+52876
hu1E868D-GS03166-DNA_C02	acde916180c3ef6dd9145fa3a1481db3+52819
hu1F73AB-GS01669-DNA_B07	dfde4964504bc31aedefaa0d13c42076+52865
hu241DEA-GS01175-DNA_D05	b65b294e767054e528f7e7b812cacb1f+52873
hu24A473-GS03132-DNA_F01	c6c4ae1a506a206bdbe8edafc28a7468+52860
hu24C863-GS01670-DNA_B02	48bea3714fceea61ae9be274152f000b+52866
hu259AC7-GS01175-DNA_A05	b8d27d217c5350a8701642f15266c4e3+52882
hu26B551-GS01175-DNA_F04	a42caa558116a8ad80c55fcc3741a6b4+52867
hu27FD1F-GS02269-DNA_B04	281d8d5580adfbffbafcd1b8053cc5f5+52869
hu2843C9-GS01669-DNA_D05	28c5386a64e78ec6477b66094ec6f956+52872
hu297562-GS01669-DNA_H01	9b2305eb2cd8eb2e23d4532d3e8b2dca+52876
hu2C1D94-GS01175-DNA_H02	9bae03db4bb1ba9b0e36e4335af2f343+52876
hu2D6140-GS01173-DNA_F06	98d8f7ec89934c2e4a943da13127f785+52872
hu2DBF2D-GS01173-DNA_G02	b5c0896ee879b06a86ff58eb5dbc2a2d+52875
hu2FEC01-GS01175-DNA_E03	a1478ce4d135336af24aba3c6519191f+52878
hu3073E3-GS01239-DNA_D02	3399c2eb72f2d23361fc79fb171fc688+52872
hu33E2D9-GS01669-DNA_G10	70ca04876bb51b195c58c98398b57af4+52871
hu342A08-GS01175-DNA_B05	768cc7841f3212134f7cda80e8497805+52873
hu34D5B9-GS01173-DNA_C07	7496df27ee8a83da6416a4a361d00da1+52874
hu34D5B9-GS01670-DNA_E02	e5f4a974b3cd384ae8958ef702a2c0b5+52870
hu38168C-GS01173-DNA_H06	abb6bc6268a9a75bda8e331115a12b15+52868
hu3A1B15-GS02269-DNA_C01	dbf7460cb2c9bd272568ae73c750f6aa+52873
hu3A8D13-GS01669-DNA_E11	9bd509e13ac4db03583a3ec744d259a2+52870
hu3C0611-GS01669-DNA_E08	bb74189f2167c2d7eeac198d8f98be77+52865
hu3CAB43-GS01175-DNA_D03	6b6dd62d8247ab2bcb161020dd61725f+52877
hu3DC5EA-GS03184-DNA_F01	915f6a9a76ef30e689f9a7716a9c2d15+52858
hu3F864B-GS01669-DNA_F08	03b9be9cb7e8921071fc60c25810a7f5+52868
hu4040B8-GS01175-DNA_D01	463e383838056563e0a4646732f9c576+52878
hu42B622-GS03387-DNA_A03	c87e2fadc5a52c6267dd213a0a2af06d+52864
hu42D651-GS01669-DNA_G03	5e6e51b133067ff6a6cd0c4b007d0853+52874
hu432EB5-GS01670-DNA_F02	28d3a8d893605564d6cff31ed3fa058e+52870
hu4339C0-GS01175-DNA_H01	20d72421a19ef002ae3235ee73157fbd+52880
hu43860C-GS00253-DNA_A01	a0e85cd538bdfdd64a21038ea50ef348+52880
hu448C4B-GS01669-DNA_E07	937b8a5a5598f50cb71aff4caf38ae80+52876
hu44DCFF-GS01669-DNA_C07	c5f1d844d8a9e274d65f3b0de0bafbe4+52875
hu470099-GS01175-DNA_G06	e56fb369d94362be82087b0b4383c798+52876
hu474789-GS02269-DNA_G04	8382c921cfa01a316dee0917ea7c8cda+52874
hu48C4EB-GS01239-DNA_D01	ae6127403057015ec59cd32c3a2015b4+52869
hu49F623-GS02269-DNA_F01	b551ddfe5398a704481c141cccde026c+52883
hu4B0812-GS01669-DNA_A11	fdcedbc762f24070d36159a9ccae26c0+52871
hu4BE6F2-GS01669-DNA_A06	4bea1097d0bae98ae54314871167ce59+52873
hu4BF398-GS01175-DNA_A06	34a40b322f0f115afce162b25be75166+52870
hu4CA5B9-GS01669-DNA_B03	f87283eb1e7eec55c4bbf6cf40a106f7+52877
hu4FE0D1-GS01669-DNA_G04	c621707848e9717ddaaaddbc06ed1dae+52877
hu52B7E5-GS01669-DNA_H04	c9b205a847b1325c2926d2b96651cde1+52863
hu52F345-GS01669-DNA_G07	26af002337ed41dea4d3c564108c6592+52871
hu553620-GS01669-DNA_B08	2efe5e8a6b6e7ad260264d14053342ff+52872
hu566AA7-GS03274-DNA_H01	a2609ea10a9fac7989f477aab3622e70+52865
hu57A769-GS01669-DNA_C08	52827149e8941452d52ae0cf6788aaa9+52869
hu589D0B-GS01669-DNA_H11	d95d1569c3c30bf80374d9cacc947749+52873
hu5962F5-GS03166-DNA_C01	bfd3b00786c7490d2b0de47d08d6dbe0+52867
hu599905-GS01670-DNA_H01	efa4701a780be046ebbf2eeb6cd895de+52868
hu5B8771-GS02269-DNA_B01	3ef6969f311e04dbd44eaa5556e3b6bb+52873
hu5CD2C6-GS01669-DNA_F04	529274a38775b9fc8f79e7a80dee02f6+52868
hu5E55F5-GS02269-DNA_B03	8a04e41da4e3ef67fa4bb0c81389c865+52870
hu5FA322-GS01669-DNA_E06	d116ab784a4aa79923e4864f370aa34e+52867
hu5FB1B9-GS01669-DNA_C06	2f67ac9b2d39f46b8ea9804d498d25cb+52873
hu5FCE15-GS01195-DNA_B01	6edf86fc733024a4520a449e6fda13fd+52873
hu60180F-GS01175-DNA_B06	139d8bdad1fd5329a219f76ebf86065f+52876
hu602487-GS02269-DNA_F02	0c84321507e90461acec3701f20519b6+52869
hu604D39-GS00253-DNA_B02	6d6106ca53a48123b7b9f17684a6f10b+52898
hu60AB7C-GS01670-DNA_D01	06a1daea0aff1343b2f004993f1976c6+52870
hu619F51-GS01669-DNA_B02	a895e3642774c7a1930e9de5935d2ab5+52871
hu620F18-GS02269-DNA_E02	67bc30d11c071e8fc3cc332073d229bc+52870
hu627574-GS01669-DNA_E01	3f0d1b0bac7381499b838720d856e9db+52874
hu63EB0A-GS01175-DNA_C05	7d1741a5095e0348dc91e86d58e37810+52877
hu64DBF7-GS01669-DNA_D03	7d6aa5643c39acbe3239346812d0fc0b+52874
hu661AD0-GS01670-DNA_C02	4f9452c04279292002125aeeaff93694+52877
hu67EBB3-GS01669-DNA_G06	9c1f260aedb8f17f2ea4b025767f992b+52871
hu687B6B-GS01669-DNA_H07	40649c3abe7a1a82c091edb6061c0578+52871
hu68929D-GS01669-DNA_F11	e09a9970fc51c2bde7746f8058b4f958+52869
hu6A01AF-GS03132-DNA_G01	1641c4ac358f856281ca3c3031a11a18+52863
hu6C733E-GS01669-DNA_E05	7b64688f46fc9c45e0a68b947fc3fb63+52870
hu6E4515-GS01173-DNA_D07	941827ac346a9a20e28752628349628f+52875
hu6EDC7E-GS02995-DNA_F02	bc2dc7f4603461632e9a48c77f5511db+52861
hu704A85-GS01239-DNA_E01	c7548057371ef4c653347351f572c984+52865
hu7123C1-GS01669-DNA_D07	5905f65f2f9395636c67e04ed7221d99+52871
hu71E59D-GS01239-DNA_F01	6367bb92a816df72daabb406d54c4b56+52872
hu72A81D-GS01173-DNA_C02	bff8e0550248eac142cbcd84a3aa9a2f+52872
hu72C17A-GS01669-DNA_F07	8dcd2227b4a9ea4644ffb11d180f2154+52875
hu7379BC-GS03052-DNA_E01	32646a62674d2809047edd3f39095126+52858
hu76CAA5-GS02269-DNA_G03	4b960d7c437a0b5f4b97d0592e7b1be2+52875
hu775356-GS01175-DNA_A07	3a4880e5f347b3c0632585d347e413e3+52874
hu7852C5-GS01175-DNA_H05	1e79df81d869c0ee753551c32af6cdc2+52878
hu79F922-GS01669-DNA_D06	d1f7fe8baa5dbcfb3f47b03c72b13855+52873
hu7A2F1D-GS01669-DNA_C01	f6950151b8d91150cc5b5d6b1a6bbfd1+52877
hu7A4AD1-GS01669-DNA_C05	c557657bc8313ebbfc8feb1dce964a21+52866
hu7B594C-GS01669-DNA_G05	b9d9aaad33f69c3cb9429bc2aa6a807e+52870
hu7C3A81-GS03052-DNA_F01	f0c77d594774619519d49940e8a4c8bf+52866
hu7DCBF9-GS01175-DNA_A03	ff71b203e5e013a92d9ec0366d6a2915+52874
hu8073B9-GS01239-DNA_G01	3d44969f69dba005fd07de22fb95fd9c+52872
hu80AD0F-GS03166-DNA_B03	401fa5abf4b13c4b256568fb12505d6a+52858
hu8229AE-GS01173-DNA_A07	3bfb0e7bae19e691f1887eae06065465+52874
hu82436A-GS02269-DNA_F03	bc19c9eed0bb05365cbe2eef15caf339+52875
hu826751-GS03052-DNA_B01	b8df7d26f4a6d1e2fdb8da7f773cc211+52869
hu82E689-GS01669-DNA_A09	2a0e7cf5eeb433cfae70fbfe0fcdfd97+52868
hu83BC6A-GS03023-DNA_C01	8aadaa78325f4207e56b83c226081956+52866
hu868880-GS02269-DNA_E01	5653240521284e59888c92b218eae3b0+52879
hu88A079-GS01669-DNA_F03	ba1a4b3d5bc0186c9c181cc5b16544a9+52875
hu8A5FBF-GS03184-DNA_A02	8d141d3bdc2dd63d7305ab2b335dff77+52865
hu8E2A35-GS01669-DNA_G11	3381f9ab21bc80e4347f5b7d6eb5920f+52871
hu8E87A9-GS01669-DNA_B09	2b6f5b04fa7bdd5e86c65a846ff2a46f+52865
hu8F918A-GS01670-DNA_B01	82b6fc11bc7f6dcc5ec4c3550a8cd6db+52871
hu90B053-GS01670-DNA_D02	3d6283774d234e6ee6dfef37d45cd26b+52861
hu925B56-GS03274-DNA_B01	f9f00bfdbaa2da2cacd32a7bc53f9ccf+52859
hu92C40A-GS01175-DNA_G03	c874599a9b8d51d22266ef7deabfeb01+52868
hu92FD55-GS01669-DNA_A04	851c640c7f298fd48b45d55a8168a6ff+52868
hu9385BA-GS00253-DNA_E01	9aa8e2e517520903825009e88a0a809c+52879
hu939B7C-GS01670-DNA_C01	c7d1faa56f140a699fb2478fbd60ad2e+52869
hu955EE1-GS01173-DNA_G01	b1bc5b9f3dedc8c71a679b340df3a907+52877
hu9E6329-GS03052-DNA_A01	b787ecfa60e2caf564b387f876822fcf+52858
huA02824-GS02269-DNA_G01	d31788bade7db09a6e1a687daf7b3eda+52872
huA05317-GS01669-DNA_E10	85d57b419aac7c9fd273d239bffe0916+52870
huA0E089-GS01175-DNA_B04	eeb92df507c722dde9c5e0a405fee05f+52871
huA3A02C-GS03166-DNA_E02	23e8e29ffdebf9c5e1618e5d5e74ac43+52866
huA49E22-GS01669-DNA_E04	6293725cac0e26474050b7e365e45c13+52875
huA4E2CF-GS01173-DNA_D04	73826e4f325ca3da5f4fb13b638c507d+52878
huA4F281-GS01669-DNA_H10	67f2b7c466f76bdcfa76312d56dac3fb+52872
huA5FD8B-GS02269-DNA_C02	437ef2a849d12ca9a0ec4cc9ea5274e3+52883
huAA245C-GS02269-DNA_D03	1d094bc57b8fb2ca4d63145f1cc52ce9+52866
huAA53E0-GS02260-DNA_A01	ac19759f6eb494957c595958fbf56934+52872
huAE4A11-GS01669-DNA_F02	4d2e12c1c2ea6fe0d1f4c2df2d2c27b3+52873
huAE6220-GS00253-DNA_H01	b1b988a00c9d179250c2e991d09d9e24+52873
huAEADC0-GS01175-DNA_E05	c9b0c5631e31497e0c159dcfd123d9cc+52875
huAEC1B0-GS01175-DNA_C04	006e1d6125ba019f28bb29330b3272ae+52870
huAFA81C-GS01669-DNA_E03	83e8339f94ff1ce0ab44e1b3452c0506+52876
huB1488D-GS03052-DNA_H01	40a95795820cd8c29dd503aa606f987a+52860
huB1FD55-GS01173-DNA_B07	f242515bf483f1d06e65facb54aa8334+52877
huB4883B-GS02269-DNA_H04	b095e3937de0df87b1e1de4267cd2d2b+52878
huB4940E-GS01175-DNA_C02	3acdf688c6ef9b7bc4cb78441246670c+52877
huB4D223-GS01669-DNA_H06	4c01ff64505f8efd69f101e13278f95c+52872
huB4F9B2-GS02269-DNA_A05	85581a39f240c92546c6407299d476a5+52872
huBA30D4-GS01173-DNA_H05	25428cca3194d4d384f8b1f944cfc447+52875
huBAAC98-GS01173-DNA_F02	3e5dcbe17f6fa6a1d7179f48787dc6ab+52876
huBE0B25-GS01669-DNA_D01	6bed428caf7c639a1c274d72cfd5c286+52877
huBEDA0B-GS00253-DNA_C01	6c2a83b37a0d3f1f36fb85c266176ca6+52877
huBEDA0B-GS01669-DNA_E02	5be653b6158dbf9ccda9e8b08dd72cbf+52869
huC14AE1-GS01175-DNA_G05	f169bf1c8d713e4f4bf074dfd2e50875+52880
huC29627-GS01173-DNA_C06	7872b0469e1ec1cfff778acc7cb33e7d+52874
huC30901-GS00253-DNA_B01	074022349f623ee5aba2d23a7c64bd6a+52876
huC3160A-GS01669-DNA_G08	1e7a3e6896ad78cd3a5660e775029043+52871
huC434ED-GS01669-DNA_D08	245707f8d0ab38e7aa44a15fa2da78e9+52871
huC5733C-GS01669-DNA_F06	f6e9242f548b3fd1850b304af0df7d68+52871
huC92BC9-GS01669-DNA_C11	10b3bf2eefb213a28fe17e1e1c0729b2+52871
huC93106-GS01669-DNA_B11	e1b6eccd31023d7e88f8c06f40ebac28+52868
huCA017E-GS01175-DNA_B01	8cef42f60f6577d081e32e0517bc1a19+52871
huCA14D2-GS01669-DNA_A07	7d062c0791516f85743cb59664b6e8b4+52869
huCBDC6D-GS03166-DNA_A03	9ec7b329dd04c78fac30cdae0b7eb940+52869
huCCAFD0-GS01669-DNA_B10	066605c3a8361781be3be3705000b735+52872
huCD380F-GS01175-DNA_H06	038d85cf8762fad7f38b1e87af17e54a+52866
huD09534-GS01669-DNA_F10	4c16e0a274b3f65637e651a784c60727+52865
huD103CC-GS01669-DNA_C09	41fec5d9957972a44221a377c4436a9f+52867
huD10E53-GS01669-DNA_B04	60c014e73a13cce3e33f679fbbe6b8bd+52871
huD2B804-GS03132-DNA_B01	228ed34d7a87051ef73bf3ac5bba1c92+52865
huD37D14-GS01175-DNA_A04	c55cd82c43f541e8006c01ba15c88d22+52872
huD3A569-GS02269-DNA_F04	7300a5dfe34a48032c54fe17b7e1f866+52877
huD52556-GS01669-DNA_A02	e2626f1bbe7dbdadaef98c8ce5a00a6d+52877
huD649F1-GS03133-DNA_D02	67c86beb04956ba744bb19070a73b35e+52862
huD81F3D-GS01173-DNA_D06	8a47879e429f15e4f8dc6c672fd190da+52875
huD9EE1E-GS01669-DNA_F09	fc24ccc555dd87553275a184c29c2cc1+52875
huDBD591-GS01175-DNA_A02	a24bd668e46916b44955ebf04c8f0686+52876
huDBF9DD-GS01669-DNA_E09	a22888efc406f4fa398d7cbd1765d505+52872
huDE435D-GS01669-DNA_D11	cf502423e6aec8967c14c86717f161a2+52869
huDF04CC-GS01175-DNA_B03	5799a9df175d89ced08766efff1918ca+52870
huE2E371-GS02269-DNA_H03	221160d3db19f3641f5405cd417a41a2+52875
huE58004-GS01669-DNA_H02	c94a52eb1b44be5a977d31f255eda540+52869
huE80E3D-GS00253-DNA_D01	8444b44dad4036764cbabc2981567a3a+52884
huE9B698-GS01669-DNA_H09	ef0a7529bfd3737635516730f8825da5+52862
huEA4EE5-GS01669-DNA_G02	ef517d63b6a961561f69272bd255549c+52875
huEBD467-GS01670-DNA_G01	f0d5c3f519c6c10f300b6e4f239d6ec5+52871
huEC6EEC-GS01175-DNA_H04	7b405554a64e3ff2940a2f3ca144988d+52869
huED0F40-GS01669-DNA_H08	fa2c0e44201b49cb9f79e024f8fa9a61+52870
huEDEA65-GS01669-DNA_F01	f1024fcedb4b8aa017fadba3f5c1cab1+52877
huEDF7DA-GS01669-DNA_C04	85372adfeea06a38e1be160560090c32+52869
huF160AA-GS03166-DNA_G01	0f039cb64828de11a56552009519a858+52866
huF1DC30-GS01669-DNA_G01	aa9a8d0a710c38c75c228f8cd3703a76+52877
huF2DA6F-GS02269-DNA_A01	eff255415947f0796a5bc26cd1bd5fcd+52882
huF5AD12-GS01175-DNA_D06	63d566e04c1f9eb0e9c166b514d60153+52871
huF5E0B6-GS01175-DNA_G04	ab2354cec9e8cdade33f6d2fc5da3c2d+52873
huF80F84-GS01669-DNA_B01	7f5b61c0d9178e76a50a66d76d077426+52872
huF83462-GS03166-DNA_B02	0f8b7855cadd77b9fce1b42c744efc74+52861
huFA70A3-GS01670-DNA_G02	5fd7bab2097bccc841e324cf3f788cef+52870
huFAF983-GS01175-DNA_F02	f7c94b22ff20530ff0c81c797abf4872+52878
huFCC1C1-GS02269-DNA_A02	ed52aeed927650ae0cf5cc3894c41210+52869
huFE71F3-GS01669-DNA_B06	3b9430dfe7c734f33848b63fc3c276e3+52875
huFFAD87-GS01669-DNA_H05	8ef9eaa3fb398da1927f334ae35d1cbd+52876
huFFB09D-GS01669-DNA_D04	b01e78749ab48eb1af487b23df11fd6b+52867
NA06984-GS000017231-ASM	9a757a0753b697c58aa79bca4166ea26+52876
NA06989-GS000017234-ASM	ca194a33a9f6e4a392caa502c5649ecb+52868
NA06994-GS000012110-ASM	22245974e8b7d3029da442f768977be5+52877
NA07000-GS000016078-ASM	b88734273ca1eeba9ce1a480cf15b06b+52874
NA07029-GS000013213-ASM	04a624ffc789ba64d126b0da4e6d0c9e+52879
NA07346-GS000012113-ASM	44530e98ff3c8514063e1207bfd832d4+52871
NA07347-GS000012580-ASM	4a171edb9867ad6bea4b10d9aa9296bc+52877
NA07349-GS000012109-ASM	46c411519a78da8ba17c59467346b478+52878
NA10831-GS000016048-ASM	c2d334e02b3b5906d9652a2d8ac50b1f+52871
NA10837-GS000016047-ASM	a39640d15297d164fc6edfd81daf1396+52877
NA10838-GS000016046-ASM	83363ba56c7a5db3727930fa69f8e6d6+52876
NA10839-GS000016380-ASM	113d94b07e72d6a8e8a091e6bf9c9dc7+52872
NA10840-GS000016542-ASM	07904d85e6a58966d94230c57b5daf3f+52872
NA10843-GS000016541-ASM	f24df2323769100a56e3e7afbf0b8a14+52868
NA10845-GS000016540-ASM	2305bdfda53f8685eb9ba62c596f8173+52876
NA10852-GS000016045-ASM	20810c48bc5425427cfce93a0759cfb1+52871
NA10855-GS000016539-ASM	34f87de6bd45920012f2f1e1db5c491f+52872
NA10856-GS000016538-ASM	a1e56e7809cc5b841515e9cff08f49bf+52879
NA10861-GS000016044-ASM	70b5ba4672f6ae91a7840cbdd34a0f1b+52870
NA10864-GS000016043-ASM	4d8435f07953a39db6ce5f3f759bcdce+52872
NA11829-GS000016042-ASM	92ceeb55a30cb4ae213cd458b58af0ff+52873
NA11830-GS000016041-ASM	763ef6b75111b50c25ce694e7c7ba93d+52870
NA11831-GS000016040-ASM	5ef846901b88eb248028cf01eb800cdb+52876
NA11832-GS000016039-ASM	8c86e5660218eef3204544c01a3f9ca6+52871
NA11893-GS000016537-ASM	8f1081054381978c19c94b03ca47670d+52878
NA11894-GS000016470-ASM	3313f02e15cb73cf94296f4fb888b7d8+52871
NA11919-GS000016038-ASM	8678b10af4a1ff0022f5fbfab38a445b+52875
NA11920-GS000016037-ASM	bebc350e894db02d6b1415802b01d919+52870
NA11930-GS000016036-ASM	841f74c9b9d428dad691461a468783ad+52876
NA11931-GS000016469-ASM	c75ed01196f95463deef265dba56ab93+52873
NA11994-GS000016468-ASM	47b3ac1351d497cc3c26ea90e77e6c73+52876
NA11995-GS000016467-ASM	f77fd0a106bf211b11670e67d02697c5+52871
NA12003-GS000016035-ASM	911b77960c3ff126b127cde9334f6225+52873
NA12004-GS000016034-ASM	0089043f7bcccf244debb46005f7a78b+52872
NA12005-GS000016466-ASM	177b6daa16e2bd0943285b01551a95a8+52879
NA12006-GS000016465-ASM	a13addadf74851a9a60db8b7ed3c71c3+52873
NA12045-GS000016033-ASM	5ba7171233f318319cd15ea521ac3dc2+52878
NA12046-GS000016022-ASM	c91988a4244f173a533f6dc364581b8d+52871
NA12155-GS000016021-ASM	bb79b2c46a3eb5f7d81d278ae40691e2+52875
NA12156-GS000016020-ASM	3eca1610179cb796cd8d1e8144e814c2+52870
NA12272-GS000016019-ASM	877c8cbaa8c52e19337fc20d6f323740+52877
NA12273-GS000016464-ASM	bc1bcd706227f81d61e5637b33ab17a3+52871
NA12286-GS000016463-ASM	e74597aaecfdec6d50903ca1a2859f01+52876
NA12287-GS000016462-ASM	cd02fd1fad0a21717dd21a3befdcd087+52873
NA12329-GS000017106-ASM	4a77f2ff291c189ad366a3cf98a1e19a+52871
NA12335-GS000016018-ASM	55159833d857acb4d97f4b96d25701bb+52874
NA12340-GS000016461-ASM	7a8930b501fb4eeecae26bddee4a6c80+52878
NA12341-GS000016017-ASM	30f180b44e22598e1046c06e36b3d5cc+52871
NA12344-GS000016026-ASM	d937119262c3eab1ef025da1be23cf27+52877
NA12347-GS000016025-ASM	cb699d98d4bb83c7c59fa486b359491a+52878
NA12348-GS000017242-ASM	a35b9ec4a9ecfde1d762e1d8d28c1f13+52867
NA12376-GS000016460-ASM	a27662f5f77b9a4c4e8da6de1271debe+52872
NA12386-GS000016459-ASM	6d4bfc4ec33b0246b874384a12c81197+52871
NA12399-GS000016458-ASM	2ed0854a468f4e383f13af3f3724ea82+52878
NA12400-GS000016011-ASM	0c738e295be7c0c6dce6843d8c9d576e+52868
NA12413-GS000016457-ASM	80b6f09e0590fb06dd48bce3cca4e170+52875
NA12414-GS000016417-ASM	2718b227d77058f2a1024234aa61824f+52871
NA12485-GS000016404-ASM	9e4039158e1ab828a0b88e3961c912ce+52878
NA12489-GS000016403-ASM	d558aa6255e73635283790fea2481ccd+52871
NA12546-GS000016402-ASM	b40d2d1085469c95bc278ba7d447814b+52877
NA12707-GS000016401-ASM	3d13517c9b5a90bbc50d490ec43f642d+52877
NA12716-GS000017241-ASM	641095617f691a6b4a767ad6b417f348+52873
NA12717-GS000016416-ASM	a5336c640549403ed2631bb1b491563f+52870
NA12740-GS000016400-ASM	53b4445fc7c5a8ed1ab019c27062fdff+52870
NA12750-GS000016415-ASM	74740be750e0824336b46eca7d989bd4+52876
NA12751-GS000016414-ASM	a90ea7a98b639b7df88ee09559b73bb6+52872
NA12752-GS000016413-ASM	2ee97f6f72300249dd91495cea3646bd+52875
NA12753-GS000016412-ASM	a7518f057b4a2c458fb6b5ceb3d1ab91+52871
NA12760-GS000016411-ASM	5ed07b26fe3a0787db2b76460b701807+52876
NA12761-GS000016399-ASM	84188bca24b078231a73c181cc227691+52874
NA12762-GS000016410-ASM	352adaa37eb905229ae24d89c2aa74ab+52876
NA12763-GS000016398-ASM	861912b99a0f7b805877a92186d0974e+52872
NA12766-GS000016409-ASM	23056e050fabec8e589456f926c63e2d+52877
NA12767-GS000016408-ASM	6686f45d073837dafcc4b023de3f22d8+52869
NA12775-GS000016397-ASM	c35ecbacd43cc9d15cc095a74dcd99f0+52879
NA12776-GS000016396-ASM	7893061aec541ef0470bf2d0f2d0ae58+52873
NA12777-GS000016395-ASM	301c8d64e5d9a7b53ac055d7c5c90390+52875
NA12778-GS000016456-ASM	30512833cc7b72d93b2b661157e90027+52870
NA12801-GS000016407-ASM	ba00e8ed5c4aa69f883d48e2329b7377+52878
NA12802-GS000016406-ASM	15b9a101c341c0bb07bd1500641eeca0+52873
NA12812-GS000016405-ASM	cc8667bdbe108a8b6448142628ff6ee5+52877
NA12813-GS000016394-ASM	f714785dd7bb38d8fa8a8e40eb2383fa+52871
NA12814-GS000016393-ASM	0831e215d59ffc9c5762c6fb1a4f2d58+52878
NA12815-GS000016383-ASM	605db155d94d6bef9ca1adb167defe51+52873
NA12817-GS000016418-ASM	51420751641822ff69bbcce3973ad846+52875
NA12818-GS000016392-ASM	783d7e715ff0dfb4de09390d2f4c82ce+52873
NA12827-GS000017240-ASM	b06baabcf5c766985c90c12d3e4a9809+52875
NA12828-GS000017899-ASM	9296665a5d0f72e5395293f1e316f2e7+52870
NA12829-GS000016704-ASM	8624768ce7b6854a0e2243421b55924b+52878
NA12830-GS000017900-ASM	79a0e41423b1582ef434355820eb1345+52870
NA12832-GS000016702-ASM	0da632a4bd15e222cf1c6ce22d9edd54+52871
NA12842-GS000016701-ASM	951cc8c6a0dd39691ba1e77bf9d4dc4c+52879
NA12843-GS000016700-ASM	49c8184eba4c9095ae38c72bab7a0ca6+52873
NA12864-GS000016382-ASM	073c3042689302b218104b458048a439+52874
NA12872-GS000016381-ASM	7176ee99d6b2e350f16e2372d0f5cd00+52878
NA12873-GS000016699-ASM	5a0d10332a23a13d316d13835f8e4196+52873
NA18497-GS000017238-ASM	e3007a4184e46231141eb87e4e98b8d2+52890
NA18498-GS000017237-ASM	a1c77325feb8ceb395f0aab5d2516b62+52889
NA18499-GS000017224-ASM	6d84269699736053dca050dca09fe632+52884
NA18500-GS000017223-ASM	b945d978d53cdf1241d57b482e28b6d7+52889
NA18501-GS000017371-ASM	25fb00a1e818d5f479348d883c0cc3b3+52889
NA18502-GS000017172-ASM	2970ee36fcf7f6469e4ba781a048d4a5+52879
NA18503-GS000017173-ASM	d66bae7a8983e1882392ee8efbf8bcf4+52886
NA18504-GS000017182-ASM	54fed63ea059c4fdf581fdd4c8e046a0+52890
NA18505-GS000017185-ASM	6f25a0cb3d1dbec70c46a1e0cb0b6e24+52884
NA18506-GS000017030-ASM	a37aabda976df2befba0ae7874da3e6a+52892
NA18507-GS000017029-ASM	11d0d0ba39d991e1b41cf4bc9407533a+52888
NA18508-GS000017028-ASM	9357f805aa6dc5645863068e5549d263+52883
NA18521-GS000017023-ASM	44e9154715ea561aaa1432a5af88f3b3+52889
NA18522-GS000017026-ASM	a0a302dfe74fc43f28f4d6736222197f+52888
NA18870-GS000017227-ASM	84b4ae9739ad4bf9585c3d778085390e+52883
NA18871-GS000017226-ASM	80764b4a5c65c587e88d87d6786b12d3+52890
NA18872-GS000017119-ASM	570c2a73d8b1b51d2233650d8b6af32b+52890
NA18909-GS000017025-ASM	72b1811c064ab09b336575584cb334a4+52887
NA18911-GS000017024-ASM	9cc2248a6cb9c505c26322f118ae6911+52888
NA18916-GS000017022-ASM	f696640b90d7609b7cd533eb2a177c24+52884
NA18917-GS000017027-ASM	c3653b250e9c8e1a20b025ff17963336+52888
NA18923-GS000017262-ASM	25bf28c388dbd27d3fc0a21d8a9c12ba+52891
NA18924-GS000017261-ASM	786d74def199a53f70dbe120cfe72db1+52887
NA18930-GS000017044-ASM	71851e203b10670dcda8aa5a2c79ca95+52884
NA18933-GS000017045-ASM	63804255cab2bee6fafa952e84604303+52883
NA18934-GS000017046-ASM	ca5af46dc68ac412eaa7562589c67173+52889
NA18935-GS000017047-ASM	7faa83ad4a90ebeed84da2b232cd9897+52890
NA19093-GS000017050-ASM	9a102b60c395068e4ff9cff931d39a5c+52887
NA19097-GS000017053-ASM	e9ea89e85fec404adbf04e0e3f3f74d5+52884
NA19098-GS000017043-ASM	d26b4fa85d17c7682cffa04c96c1d9e9+52889
NA19100-GS000017041-ASM	9205b6fced99c1a1e0c7a76e81f484b0+52885
NA19107-GS000017040-ASM	f4078692ec57d6bc8e19414033035736+52889
NA19109-GS000017039-ASM	10eda114cfec0a512bfb0a91cce96647+52887
NA19113-GS000017038-ASM	8f1a025ada0e38b7b0359d25a14b5104+52889
NA19114-GS000017037-ASM	35e89d2174dee67802f8bd5988d386d9+52886
NA19115-GS000017036-ASM	f40978cb04ab8920917bd6790298ebff+52884
NA19116-GS000017035-ASM	933815be6f9d1f5143ddf6a80738f695+52884
NA19117-GS000017051-ASM	0bfaf8361c7afad913ea8890f8397f5d+52890
NA19118-GS000017034-ASM	489a2a9fd540218b2a95db04d65b14b4+52886
NA19120-GS000017052-ASM	d9352689e64d470c3f3c6d83d3b39530+52889
NA19130-GS000017055-ASM	29b76a8abac0074ed5d4946c85622724+52889
NA19137-GS000017137-ASM	e51443e39dbe0fe64c7d6b643abe8108+52883
NA19138-GS000017189-ASM	619cc1f9f15fa1d6e6566f09d9cdd7a8+52888
NA19139-GS000017188-ASM	c187f3ba6d28242fa649b7e06dcc4d10+52889
NA19143-GS000017054-ASM	372b04c02a221fd5ecb7722a0cc47afd+52887
NA19144-GS000017136-ASM	5beccc60856127470faff73e324838c3+52892
NA19145-GS000017133-ASM	22e8e091d6589f969a14ed75089aa08f+52891
NA19146-GS000017131-ASM	05c27fc9af3acc762e83db1a19d98068+52891
NA19147-GS000018623-ASM	ae791ba4a47e7215940cb954e1067c15+52886
NA19148-GS000018624-ASM	bde16444a2501a79b8ef7e13b43225d4+52888
NA19152-GS000017413-ASM	8fdd20f26716e4666513af1fbf3986a4+52888
NA19153-GS000017412-ASM	6915e25f430bd23737faae241b3ecd4d+52895
NA19154-GS000017411-ASM	3b20dc36b61f69fe60b9db320558309f+52892
NA19159-GS000017410-ASM	fee3f22af67ff69304ba04c31c495f68+52889
NA19160-GS000017259-ASM	b9af4612f6017ed92c344bfe77d6daa5+52893
NA19161-GS000017409-ASM	139b889daa862f3a0f0a20b28809b931+52893
NA19171-GS000017280-ASM	b176ba296b2e3f61ce2520887f6f5de9+52893
NA19172-GS000017279-ASM	3fb6f08bf28ecd803a174530389fa633+52887
NA19173-GS000017257-ASM	1f29b5cb3c483877939b1aa16fb6c0a7+52894
NA19174-GS000017278-ASM	a4d39ebc936bae921b093792d96de38b+52893
NA19186-GS000017260-ASM	ac2359e865f0b651f15989f5692a9a66+52892
NA19189-GS000017277-ASM	fbe6b55d82841e28633dec904faceafc+52894
NA19190-GS000017276-ASM	e322e83547038e07a9bea1a252aaa5da+52888
NA19191-GS000017275-ASM	7ab43643b289e6626dd2e36777bd3e39+52893
NA19200-GS000017898-ASM	3244c19f073414401b497b225cbb6aff+52890
NA19201-GS000017244-ASM	139a426455d0fb3bb3e7e10d94b857a5+52882
NA19202-GS000017174-ASM	6d6647a3db4d3ec6ecabbf60bdeef9f4+52884
NA19210-GS000017274-ASM	93b4c5329dc20b0d97c828f0550bf762+52893
NA19211-GS000017273-ASM	676f336196a83d895bf3463f10b40d82+52892
NA19221-GS000017272-ASM	134d6b9709bc9592a0fee85adbd6d07f+52888
NA19222-GS000017270-ASM	ce375c1b9b8f87dc59ea1c1334bcf0b2+52888
NA19236-GS000017269-ASM	81ed7d3c2556a0ec4d8550d43ad5aa9d+52894
NA19238-GS000017268-ASM	df262b13c570d47af6a9d19f2c834023+52888
NA19239-GS000017267-ASM	2b4d1c61b9644d446dd2dce717592b1e+52894
NA19240-GS000018625-ASM	5a5b930b336ac569abb6c3f488a0acab+52887
NA19247-GS000017266-ASM	f9e6723d2bccd06fc1a42fac5f058b6a+52886
NA19249-GS000017265-ASM	d5ee63c7f868c5ddb540d9515ed982b8+52890
NA19256-GS000017258-ASM	28c0c228c0930e3c7d79a2fb38280e39+52894
NA19257-GS000017264-ASM	095fe05f78ee3189cb94d5f08a7c504b+52886
NA19258-GS000017263-ASM	8f76ad92704f9ebbb639ecc560a18245+52890
NA19314-GS000017175-ASM	a5b8bd90d7c4f2c1b029565301ca322a+52884
NA19397-GS000017176-ASM	b4937a8737f09bdd44db9af1fb69db6a+52890
NA19398-GS000017243-ASM	b81390ef887ed4bcdfc45c834e8bd1ff+52883
NA19399-GS000017177-ASM	0e3435a3fa3189e4d4086f3125c927b9+52884
NA19404-GS000017239-ASM	136575394cb151bd716a63d9578c9ab3+52883
NA19428-GS000017187-ASM	909ad21d98c6a5d0bbf5950995cc7029+52889
NA19429-GS000017186-ASM	593bac932e38a8af5f63505a4916f216+52890
NA19434-GS000016668-ASM	02f7360cd34969a273f2270154a0cc3f+52883
NA19435-GS000016558-ASM	c29cfcc4912345869e793eabe28cb66b+52883
NA19440-GS000016557-ASM	a2afb912c30e0430bbf1c0c2d2204699+52885
NA19443-GS000016556-ASM	e12bfa8df7d2641ecb1b90821f70b128+52889
